NAME,GENDER,CO
Abigail Spencer,F,United States
Alan Cumming,M,United Kingdom
Alec Baldwin,M,United States
Alex Newell,F,United States
Alexa Davalos,F,France
Aliana Lohan,F,United States
Alicia Keys,F,United States
Alicia Silverstone,F,United States
Alicia Vikander,F,Sweden
Alisa Allapach,F,United States
Allen Leech,M,Ireland
Amanda Peet,F,United States
Amber Heard,F,United States
Amber Riley,F,United States
America Ferrera,F,United States
Amy Mccarthy,F,United States
Amy Sedaris,F,United States
Ana Gasteyer,F,United States
Angela Kinsey,F,United States
Angelina Jolie,F,United States
Angell Conwell,F,United States
Annabelle Wallis,F,United Kingdom
Anne Hathaway,F,United States
Ansel Elgort,M,United States
Anya Chalotra,F,United Kingdom
Arden Cho,F,United States
Arthur Wahlberg,M,United States
Ashlee Simpson,F,United States
Ashley Graham,F,United States
Ashley Olsen,F,United States
Augusta Xu-Holland,F,New Zealand
Austin Butler,M,United States
Ava Phillippe,F,United States
Barack Obama,M,United States
Bella Hadid,F,United States
Ben Affleck,M,United States
Ben Feldman,M,United States
Ben Mckenzie,M,United States
Benicio Del Toro,M,Puerto Rico
Bette Midler,F,United States
Beyonce,F,United States
Billie Eilish,F,United States
Bob Saget,M,United States
Bono,M,Ireland
Brad Pitt,M,United States
Brandon Jenner,M,United States
Brenda Song,F,United States
Bridget Regan,F,United States
Britney Spears,F,United States
Brittany Murphy,F,United States
Brody Jenner,M,United States
Bruce Darnell,M,United States
Bryce Dallas Howard,F,United States
Burn Gorman,M,United States
Cameron Diaz,F,United States
Camila Cabello,F,Cuba
Camille Leblanc-Bazinet,F,Canada
Cara Delevigne,F,United Kingdom
Carl Mayer,M,Austria
Carla Bruni,F,Italy
Carlos Bardem,M,Spain
Carmen Electra,F,United States
Carrie Underwood,F,United States
Casey Affleck,M,United States
Chace Crawford,M,United States
Chad Smith,M,United States
Chandra Wilson,F,United States
Charlie Day,M,United States
Charlie Murphy,M,United States
Chimene Diaz,F,United States
Chord Overstreet,M,United States
Chris Hemsworth,M,Australia
Chrissy Teigen,F,United States
Christian Bale,M,United Kingdom
Christopher Knight,M,United States
Christopher Meloni,M,United States
Christopher Williams,M,United States
Christy Turlington,F,United States
Cindy Crawford,F,United States
Clint Eastwood,M,United States
Constance Wu,F,United States
Corey Feldman,M,United States
Courteney Cox,F,United States
Dakota Fanning,F,United States
Dana Delany,F,United States
Dane Cook,M,United States
Daniel Baldwin,M,United States
Daniel Day-Lewis,M,United Kingdom
Daniel Radcliffe,M,United Kingdom
Daryl Hannah,F,United States
Dave Coulier,M,United States
Dave Franco,M,United States
Dave Gahan,M,United Kingdom
David Cross,M,United States
David Fumero,M,Cuba
David Tennant,M,United Kingdom
Dax Shepard,M,United States
DB Woodside,M,United States
Deborah Cox,F,Canada
Demi Moore,F,United States
Denis leary,M,United States
Dianna Agron,F,United States
Don Swayze,M,United States
Donald Glover,M,United States
Doug E. Fresh,M,Barbados
Dr Phil McGraw,M,United States
Drea de Matteo,F,United States
Ed Westwick,M,United Kingdom
Eddie Murphy,M,United States
Edie Falco,F,United States
Eli Roth,M,United States
Elias Koteas,M,Canada
Elijah Wood,M,United States
Eliza Coupe,F,United States
Eliza Dushku,F,United States
Eliza Taylor,F,Australia
Elizabeth Banks,F,United States
Elizabeth Olsen,F,United States
Elizabeth Reaser,F,United States
Elle Fanning,F,United States
Ellen Barkin,F,United States
Ellen Page,F,Canada
Emilie de Ravin,F,Australia
Emily Deschanel,F,United States
Emily Kinney,F,United States
Emily Osment,F,United States
Emma Appleton,F,United Kingdom
Emma Stone,F,United States
Emma Watson,F,France
Emmanuelle Chriqui,F,Canada
Eric Stoltz,M,United States
Eugena Washington,F,United States
Eva Mendes,F,United States
Evanna Lynch,F,Ireland
Frankie Jonas,M,United States
Gavin Degraw,M,United States
Gemma Chan,F,United Kingdom
Geoffrey Dean Morgan,M,United States
George Clooney,M,United States
Georgia May Jagger,F,United Kingdom
Gigi Hadid,F,United States
Ginnifer Goodwin,F,United States
Goldie Hawn,F,United States
Grace Gummer,F,United States
Grace Huang,F,Australia
Greta Lee,F,United States
Guillaume Canet,M,France
Guillermo Zapata,M,Argentina
Guy Pearce,M,United Kingdom
Hannah Simone,F,United Kingdom
Haylie Duff,F,United States
Heath Ledger,M,United States
Helen Hunt,F,United States
Helen Mirren Young,F,United Kingdom
Henry Cavill,M,United States
Hilary Duff,F,United States
Hugh Jackman,M,Australia
Ian Somerhalder,M,United States
Ice Cube,M,United States
Iddo Golberg,M,Israel
Ilham Anas,M,Indonesia
India Love,F,United States
Isaac Mizrahi,M,United States
J. Alexander,M,United States
Jackie Chan,M,Hong Kong
Jada Pinkett Smith,F,United States
Jaden Smith,M,United States
Jai Courtney,M,Australia
Jaime King,F,United States
Jaime Pressly,F,United States
Jameela Jamil,F,United Kingdom
James Franco,M,United States
James Lackey,M,United States
James Patrick Stuart,M,United States
James Wahlberg,M,United States
Jamie Lynn Spears,F,United States
Jana Kramer,F,United States
Jane Levy,F,United States
Jane Lynch,F,United States
Janelle Monae,F,United States
Jason Segel,M,United States
Javier Bardem,M,Spain
Jeannie Mai,F,United States
Jeff Bridges,M,United States
Jeff Daniels,M,United States
Jeffrey Tambor,M,United States
Jennifer Connelly,F,United States
Jennifer Coolidge,F,United States
Jennifer Garner,F,United States
Jennifer Hudson,F,United States
Jennifer Lawrence,F,United States
Jennifer Morrison,F,United States
Jenny Mccarthy,F,United States
Jeremy Irons,M,United Kingdom
Jesse Plemons,M,United States
Jessica Alba,F,United States
Jessica Biel,F,United States
Jessica Chastain,F,United States
Jessica Simpson,F,United States
Jessica White,F,United States
Jim Carrey,M,Canada
JJ Abrams,M,United States
Joe Jonas,M,United States
Joey Lauren Adams,F,United States
John Mayer,M,United States
Jon Stewart,M,United States
Jonathan Pryce,M,United Kingdom
Jonathan Rhys Meyers,M,Ireland
Jordan Hinson,F,United States
Jordin Sparks,F,United States
Joseph Fiennes,M,United Kingdom
Joseph Gordon Levitt,M,United States
Josephine Langford,F,Australia
Josh Duhamel,M,United States
Josh McRoberts,M,United States
Julia Stiles,F,United States
Julie Bowen,F,United States
Justin Bartha,M,United States
JWoww,F,United States
Kaia Gerber,F,United States
Karrueche,F,United States
Kate Hudson,F,United States
Kate Mara,F,United States
Kate Middleton,F,United Kingdom
Kate Walsh,F,United States
Kathryn Hahn,F,United States
Katy Perry,F,United States
Keira Knightley,F,United Kingdom
Kelly Lynch,F,United States
Kenny G,M,United States
Kevin Alejandro,M,United States
Kevin Jonas,M,United States
Khloe Kardashian,F,United States
Kiernan Shipka,F,United States
Kim Kardashian West,F,United States
Kirsten Storms,F,United States
Kofi Annan,M,Ghana
Kourtney Kardashian,F,United States
Kris Humphries,M,United States
Kris Jenner,F,United States
Kristen Stewart,F,United States
Kristen Wilson,F,United States
Kristin Kreuk,F,Canada
Krysten Ritter,F,United States
Kurt Russel,M,United States
Kyra Sedgwick,F,United States
Lake Bell,F,United States
Lance Reddick,M,United States
Lara Stone,F,Netherlands
Laura Benanti,F,United States
Lauren Conrad,F,United States
Leelee Sobieski,F,United States
Leighton Meester,F,United States
Liam Hemsworth,M,Australia
Lili Reinhart,F,United States
Lily Allen,F,United Kingdom
Lily Collins,F,United Kingdom
Lindsay Lohan,F,United States
Lisa Bonet,F,United States
Logan Marshall Green,M,United States
Lucas Bravo,M,France
Luke Wilson,M,United States
Luke Youngblood,M,United Kingdom
Mamie Gummer,F,United States
Margarita Levieva,F,Russia
Margot Robbie,F,Australia
Marguerite Moreau,F,United States
Mark Wahlberg,M,United States
Mary-Kate Olsen,F,United States
Matt Barnes,M,United States
Matt Bomer,M,United States
Matt Damon,M,United States
Megan Fox,F,United States
Melania Trump,F,Slovenia
Michael J Fox,M,United States
Michael Sheen,M,United Kingdom
Michael Weston,M,United States
Mickey Rourke,M,United States
Mila Kunis,F,Ukraine
Miley Cyrus,F,United States
Mimi Rogers,F,United States
Minka Kelly,F,United States
Missy Peregrym,F,Canada
Monica Cruz,F,Spain
Morgan Freeman,M,United States
Morris Chestnut,M,United States
Natalia Lafourcade,F,Mexico
Natalie Portman,F,Jerusalem
Natasha Leggero,F,United States
Neels Visser,M,United States
Nelly Furtado,F,Canada
Niall Horan,M,Ireland
Nichole Bloom,F,United States
Nick Jonas,M,United States
Nicole Ari Parker,F,United States
Nicole Hilton,F,United States
Nicole Scherzinger,F,United States
Nina Dobrev,F,Bulgaria
Niv Sultan,F,Jerusalem
Noah Cyrus,F,United States
Nora Zehetner,F,United States
Oliver Hudson,M,United States
Olivia Munn,F,United States
Oshea Jackson Jr,M,United States
Owen Wilson,M,United States
Paris Berelc,F,United States
Paris Hilton,F,United States
Patricia Arquette,F,United States
Patrick Dempsey,M,United States
Paul Giamatti,M,United States
Paul Wahlberg,M,United States
Paz Vega,F,Spain
Pee-Wee Herman,M,United States
Penelope Cruz,F,Spain
Penn Badgley,M,United States
Peter Jackson,M,New Zealand
Phillip Phillips,M,United States
Pippa Middleton,F,United Kingdom
Pope Francis,M,Argentina
Portia de Rossi,F,Australia
Priscilla Faia,F,Canada
Pyper America,F,United States
Rachel Bilson,F,United States
Rachel McAdams,F,Canada
Ralph Fiennes,M,United Kingdom
Rasheeda Frost,F,United States
Raven Goodwin,F,United States
Ray Romano,M,United States
Reese Witherspoon,F,United States
Reid Scott,M,United States
Renee Zellweger,F,United States
Richard Hammond,M,United Kingdom
Richard Lewis,M,United States
Rihanna,F,Barbados
Rita Ora,F,Kosovo
Rob Lowe,M,United States
Robert Wahlberg,M,United States
Robin Williams,M,United States
Ronda Rousey,F,United States
Rooney Mara,F,United States
Roselyn Sanchez,F,Puerto Rico
Ruby Rose,F,Australia
Rumor Willis,F,United States
Russell Crowe,M,New Zealand
Sanjay Gupta,M,United States
Sarah Hyland,F,United States
Scarlett Johansson,F,United States
Selena Gomez,F,United States
Selma Blair,F,United States
Serena Williams,F,United States
Serinda Swan,F,Canada
Seth MacFarlane,M,United States
Sharlto Copley,M,South Africa
Shia LaBeouf,M,United States
Skrillex,M,United States
Skylar Astin,M,United States
Solange,F,United States
Sophie von Haselberg,F,United States
Stana Katic,F,Canada
Stephen Baldwin,M,United States
Stephen Colbert,M,United States
Tatiana Maslany,F,Canada
Taylor Lautner,M,United States
Terry Notary,M,United States
Thandie Newton,F,United Kingdom
Tim Robbins,M,United States
Timothy Olyphant,M,United States
Tina Majorino,F,United States
Tom Hardy,M,United Kingdom
Tony Hayward,M,United Kingdom
Tracy Morgan,M,United States
Tyler the Creator,M,United States
Usher Raymond,M,United States
Venus Williams,F,United States
Victoria Justice,F,United States
Vinessa Shaw,F,United States
Warren Elgort,M,United States
Weird Al,M,United States
Wendie Malick,F,United States
Will Ferrell,M,United States
William Baldwin,M,United States
William Dafoe,M,United States
Willow Smith,M,United States
Y Serkis,M,United Kingdom
Zach Braff,M,United States
Zachary Quinto,M,United States
Zoe Saldana,F,United States
Zoey Deutch,F,United States
Zooey Deschanel,F,United States
Zooey Kravitz,F,United States
